{"precision": 0.9333333333333333, "recall": 0.9333333333333333, "f1-score": 0.9333333333333333, "support": 30.0}